param,value,pass,blow,daily,timeout,avg_trades,phase1_obj,funded_obj
baseline,-,55.20,1.00,0.00,43.80,9.29,55.20,99.00
base_risk,0.5,39.40,0.20,0.00,60.40,15.30,39.40,99.80
base_risk,0.75,54.00,0.60,0.00,45.40,11.65,54.00,99.40
base_risk,1.0,55.20,1.00,0.00,43.80,9.29,55.20,99.00
base_risk,1.25,55.80,3.80,0.00,40.40,8.59,55.80,96.20
base_risk,1.5,58.40,5.20,0.00,36.40,8.10,58.40,94.80
cap,3.0,53.40,0.40,0.00,46.20,9.33,53.40,99.60
cap,4.0,55.20,1.00,0.00,43.80,9.29,55.20,99.00
cap,6.0,53.80,1.40,0.00,44.80,9.66,53.80,98.60
cap,8.0,53.80,1.40,0.00,44.80,9.66,53.80,98.60
guard_buffer,0.0,53.80,0.60,0.60,45.00,8.71,53.80,98.80
guard_buffer,0.25,54.60,0.80,0.00,44.60,8.88,54.60,99.20
guard_buffer,0.5,55.20,1.00,0.00,43.80,9.29,55.20,99.00
guard_buffer,0.75,54.40,1.20,0.00,44.40,9.91,54.40,98.80
guard_buffer,1.0,54.80,1.60,0.00,43.60,10.10,54.80,98.40
guard_buffer,1.5,51.20,3.40,0.00,45.40,11.16,51.20,96.60
guard_buffer,2.0,48.00,0.20,0.00,51.80,12.16,48.00,99.80
score_edge,0,54.00,0.60,0.00,45.40,9.20,54.00,99.40
score_edge,1,55.20,1.00,0.00,43.80,9.29,55.20,99.00
score_edge,2,54.40,1.00,0.00,44.60,9.37,54.40,99.00
score_edge,3,55.40,0.80,0.00,43.80,9.42,55.40,99.20
min_trade,0.1,55.20,1.00,0.00,43.80,9.34,55.20,99.00
min_trade,0.25,55.20,1.00,0.00,43.80,9.29,55.20,99.00
min_trade,0.5,55.60,1.00,0.00,43.40,9.17,55.60,99.00
min_trade,0.75,56.20,0.80,0.00,43.00,8.97,56.20,99.20
