symbol,trades,gross_expR,net_expR,sum_net_R,hit_tp,spread
US500.cash,127,0.8748614173228348,0.7880395318287939,100.08102054225682,0.5669291338582677,0.6
GBPUSD,43,0.5560906976744185,0.5150357336806045,22.146536548265995,0.5116279069767442,4e-05
GER40.cash,68,0.6509205882352941,0.5149659460591434,35.01768433202175,0.5588235294117647,3.39
US100.cash,113,0.5128690265486726,0.44853714390561855,50.6846972613349,0.4778761061946903,1.93
UKOIL.cash,42,0.8556690476190476,0.41787130123355387,17.550594651809263,0.6428571428571429,0.064
XAUUSD,129,0.484862015503876,0.4130363107172361,53.28168408252346,0.5038759689922481,0.47
JP225.cash,136,0.5073345588235294,0.3827222138658898,52.05022108576101,0.5073529411764706,10.0
US30.cash,124,0.3827145161290323,0.32206770309800403,39.9363951841525,0.43548387096774194,2.63
AUS200.cash,56,0.4020196428571428,0.27406476697428495,15.347626950559958,0.48214285714285715,1.17
EU50.cash,47,0.3530829787234042,0.20041345177736966,9.419432233536375,0.44680851063829785,0.96
HK50.cash,59,0.3774881355932203,0.18626576276660797,10.98968000322987,0.4576271186440678,6.04
FRA40.cash,54,0.38558148148148147,0.1461921622001171,7.894376758806323,0.5,2.61
US2000.cash,77,0.3849064935064935,0.11670125198694818,8.98599640299501,0.45454545454545453,0.96
XCUUSD,65,0.5432015384615384,0.11592131593916123,7.53488553604548,0.46153846153846156,0.54
USOIL.cash,48,0.43594375,-0.05275043478829916,-2.5320208698383597,0.5208333333333334,0.071
UK100.cash,118,0.5781906779661017,-0.07120861363220858,-8.402616408600613,0.5169491525423728,5.41
SPN35.cash,51,0.5027803921568628,-0.08633077167338164,-4.402869355342464,0.49019607843137253,11.4
XPTUSD,50,0.32937799999999995,-0.3271341383861028,-16.35670691930514,0.46,3.55
XAGUSD,80,0.02957375000000002,-0.3300196428012825,-26.4015714241026,0.375,0.047
XPDUSD,45,0.08764444444444443,-0.9276435168062472,-41.743958256281125,0.35555555555555557,5.26
