risk_pct,pass_rate,blow_rate,full_pass,med_days,config
0.25,0.9921,0.0005,0.9907,18.0,BASELINE (no brake)
0.5,0.9435,0.05625,0.90575,9.0,BASELINE (no brake)
0.75,0.77665,0.22335,0.6414,5.0,BASELINE (no brake)
1.0,0.6843,0.3157,0.491,4.0,BASELINE (no brake)
1.5,0.3767,0.6233,0.14945,4.0,BASELINE (no brake)
2.0,0.2669,0.7331,0.07595,4.0,BASELINE (no brake)
3.0,0.1293,0.8707,0.0178,4.0,BASELINE (no brake)
0.25,0.99215,0.00045,0.9909,18.0,+DAILY HALT -2.0%
0.5,0.98315,0.01605,0.967,9.0,+DAILY HALT -2.0%
0.75,0.96215,0.03755,0.9288,7.0,+DAILY HALT -2.0%
1.0,0.92585,0.07415,0.86205,5.0,+DAILY HALT -2.0%
1.5,0.8629,0.1371,0.7485,4.0,+DAILY HALT -2.0%
2.0,0.8268,0.1732,0.70025,4.0,+DAILY HALT -2.0%
3.0,0.702,0.298,0.50915,4.0,+DAILY HALT -2.0%
0.25,0.98755,0.0001,0.98585,20.0,+HALT +CORR CAP 3
0.5,0.9874,0.0119,0.9765,10.0,+HALT +CORR CAP 3
0.75,0.97035,0.0295,0.9439,7.0,+HALT +CORR CAP 3
1.0,0.9345,0.0655,0.87935,5.0,+HALT +CORR CAP 3
1.5,0.8671,0.1329,0.76205,4.0,+HALT +CORR CAP 3
2.0,0.8424,0.1576,0.7181,4.0,+HALT +CORR CAP 3
3.0,0.7247,0.2753,0.532,4.0,+HALT +CORR CAP 3
