risk,pass_rate,blow,blow_daily,blow_total,full,med_days,heat,label
0.25,0.6776,0.00015,0.0,0.00015,0.6225,38.0,0.5625,"FULL UNIVERSE (all 10 symbols, spread-adjusted)"
0.5,0.9237,0.0116,0.0,0.0116,0.897,21.0,1.125,"FULL UNIVERSE (all 10 symbols, spread-adjusted)"
0.75,0.94245,0.0392,0.0,0.0392,0.90675,14.0,1.6875,"FULL UNIVERSE (all 10 symbols, spread-adjusted)"
1.0,0.88945,0.0983,0.0,0.0983,0.81355,12.0,2.25,"FULL UNIVERSE (all 10 symbols, spread-adjusted)"
1.5,0.81095,0.188,0.0,0.188,0.6837,8.0,3.375,"FULL UNIVERSE (all 10 symbols, spread-adjusted)"
2.0,0.74005,0.2598,0.02155,0.23825,0.5736,6.0,4.5,"FULL UNIVERSE (all 10 symbols, spread-adjusted)"
0.25,0.82585,0.0,0.0,0.0,0.80505,37.0,0.5625,"VIABLE UNIVERSE (dropped XAGUSD, UK100.cash)"
0.5,0.9748,0.0012,0.0,0.0012,0.96855,20.0,1.125,"VIABLE UNIVERSE (dropped XAGUSD, UK100.cash)"
0.75,0.97885,0.01205,0.0,0.01205,0.96545,14.0,1.6875,"VIABLE UNIVERSE (dropped XAGUSD, UK100.cash)"
1.0,0.9678,0.02885,0.0,0.02885,0.94085,11.0,2.25,"VIABLE UNIVERSE (dropped XAGUSD, UK100.cash)"
1.5,0.9042,0.09515,0.0,0.09515,0.8247,8.0,3.375,"VIABLE UNIVERSE (dropped XAGUSD, UK100.cash)"
2.0,0.84455,0.1553,0.0,0.1553,0.72885,6.0,4.5,"VIABLE UNIVERSE (dropped XAGUSD, UK100.cash)"
