pair,timeframe,trades,win_rate,total_return,sharpe,max_dd,risk_mult,p1_pass_rate,p2_pass_rate_at_1x,bust_rate_at_risk,windows
XAUUSD,M5,28,50.0,1.59,0.685,-1.28,0.5,0.0,0.0,0.0,71
XAUUSD,M5,28,50.0,1.59,0.685,-1.28,1.0,0.0,0.0,0.0,71
XAUUSD,M5,28,50.0,1.59,0.685,-1.28,1.5,0.0,0.0,0.0,71
XAUUSD,M5,28,50.0,1.59,0.685,-1.28,2.0,0.0,0.0,0.0,71
XAUUSD,M5,28,50.0,1.59,0.685,-1.28,3.0,0.0,0.0,0.0,71
XAUUSD,M15,5,40.0,-1.09,-1.158,-1.7,0.5,0.0,0.0,0.0,48
XAUUSD,M15,5,40.0,-1.09,-1.158,-1.7,1.0,0.0,0.0,0.0,48
XAUUSD,M15,5,40.0,-1.09,-1.158,-1.7,1.5,0.0,0.0,0.0,48
XAUUSD,M15,5,40.0,-1.09,-1.158,-1.7,2.0,0.0,0.0,0.0,48
XAUUSD,M15,5,40.0,-1.09,-1.158,-1.7,3.0,0.0,0.0,0.0,48
XAUUSD,H1,3,33.3,-0.62,-0.18,-0.78,0.5,0.0,0.0,0.0,517
XAUUSD,H1,3,33.3,-0.62,-0.18,-0.78,1.0,0.0,0.0,0.0,517
XAUUSD,H1,3,33.3,-0.62,-0.18,-0.78,1.5,0.0,0.0,0.0,517
XAUUSD,H1,3,33.3,-0.62,-0.18,-0.78,2.0,0.0,0.0,0.0,517
XAUUSD,H1,3,33.3,-0.62,-0.18,-0.78,3.0,0.0,0.0,0.0,517
GBPUSD,M5,36,36.1,-0.79,-0.631,-1.54,0.5,0.0,0.0,0.0,67
GBPUSD,M5,36,36.1,-0.79,-0.631,-1.54,1.0,0.0,0.0,0.0,67
GBPUSD,M5,36,36.1,-0.79,-0.631,-1.54,1.5,0.0,0.0,0.0,67
GBPUSD,M5,36,36.1,-0.79,-0.631,-1.54,2.0,0.0,0.0,0.0,67
GBPUSD,M5,36,36.1,-0.79,-0.631,-1.54,3.0,0.0,0.0,0.0,67
GBPUSD,M15,8,25.0,-0.22,-0.447,-0.52,0.5,0.0,0.0,0.0,48
GBPUSD,M15,8,25.0,-0.22,-0.447,-0.52,1.0,0.0,0.0,0.0,48
GBPUSD,M15,8,25.0,-0.22,-0.447,-0.52,1.5,0.0,0.0,0.0,48
GBPUSD,M15,8,25.0,-0.22,-0.447,-0.52,2.0,0.0,0.0,0.0,48
GBPUSD,M15,8,25.0,-0.22,-0.447,-0.52,3.0,0.0,0.0,0.0,48
GBPUSD,H1,23,39.1,0.55,0.071,-2.47,0.5,0.0,0.0,0.0,517
GBPUSD,H1,23,39.1,0.55,0.071,-2.47,1.0,0.0,0.0,0.0,517
GBPUSD,H1,23,39.1,0.55,0.071,-2.47,1.5,0.0,0.0,0.0,517
GBPUSD,H1,23,39.1,0.55,0.071,-2.47,2.0,0.0,0.0,0.0,517
GBPUSD,H1,23,39.1,0.55,0.071,-2.47,3.0,0.0,0.0,0.0,517
US100.cash,M5,27,33.3,-1.75,-0.538,-3.12,0.5,0.0,0.0,5.6,71
US100.cash,M5,27,33.3,-1.75,-0.538,-3.12,1.0,0.0,0.0,5.6,71
US100.cash,M5,27,33.3,-1.75,-0.538,-3.12,1.5,0.0,0.0,5.6,71
US100.cash,M5,27,33.3,-1.75,-0.538,-3.12,2.0,0.0,0.0,5.6,71
US100.cash,M5,27,33.3,-1.75,-0.538,-3.12,3.0,0.0,0.0,5.6,71
US100.cash,H1,1,100.0,0.81,0.26,-0.57,0.5,0.0,0.0,0.0,361
US100.cash,H1,1,100.0,0.81,0.26,-0.57,1.0,0.0,0.0,0.0,361
US100.cash,H1,1,100.0,0.81,0.26,-0.57,1.5,0.0,0.0,0.0,361
US100.cash,H1,1,100.0,0.81,0.26,-0.57,2.0,0.0,0.0,0.0,361
US100.cash,H1,1,100.0,0.81,0.26,-0.57,3.0,0.0,0.0,0.0,361
